file,arm,whose,succ,pct,nontrivial,meanfinal,wall,guard,episodes,budget,goal,succ_only,adapter,ckpt
exp_authors/realenv_plan_authors_cem_report.txt,cem,ours,42/50,84.0,83.3%,25.29,38.7,0.012,50,50,frame 25,no,no,?
exp_authors/realenv_plan_authors_random_report.txt,cem,ours,9/50,18.0,14.6%,46.98,0.1,0.012,50,50,frame 25,no,no,?
exp_authors_100/realenv_plan_authors_cem_report.txt,cem,ours,6/50,12.0,12.0%,122.52,53.8,0.012,50,50,frame 100,no,no,?
exp_balanced_wall/realenv_plan_cem_report.txt,cem,ours,131/220,59.5,59.5%,36.94,80.6,0.013,220,50,frame 100,no,no,ckpt_best.pt
exp_balanced_wall/realenv_plan_random_report.txt,random,ours,0/220,0.0,0.0%,116.53,0.3,0.013,220,50,frame 100,no,no,ckpt_best.pt
exp_offset100/realenv_plan_cem_report.txt,cem,ours,24/50,48.0,48.0%,43.16,20.2,0.013,50,50,frame 100,no,no,ckpt_best.pt
exp_offset100/realenv_plan_random_report.txt,random,ours,0/50,0.0,0.0%,111.07,0.1,0.013,50,50,frame 100,no,no,ckpt_best.pt
exp_phase2_recal/realenv_plan_cem_report.txt,cem,ours,10/50,20.0,20.0%,116.64,64.1,0.009,50,50,frame 100,no,no,ckpt_best_recal.pt
exp_phase2_recal/realenv_plan_random_report.txt,random,ours,0/50,0.0,0.0%,111.07,0.1,0.009,50,50,frame 100,no,no,ckpt_best_recal.pt
exp_phase2_recal_25/realenv_plan_cem_report.txt,cem,ours,47/50,94.0,93.8%,19.19,31.6,0.009,50,50,frame 25,no,no,ckpt_best_recal.pt
exp_r0_short/realenv_plan_cem_report.txt,cem,ours,31/50,62.0,62.5%,36.87,41.5,0.004,50,50,frame 25,no,no,ckpt_recal.pt
exp_randstart_authors/realenv_plan_authors_cem_report.txt,cem,authors,5/50,10.0,10.0%,125.87,143.3,0.012,50,150,frame 100,no,no,authors-spec
exp_receding1/realenv_plan_cem_report.txt,cem,ours,13/50,26.0,22.9%,35.68,84.5,0.013,50,50,frame 25,no,no,ckpt_best.pt
exp_ref_authors_repeat/realenv_plan_authors_cem_report.txt,cem,authors,5/50,10.0,10.0%,125.87,149.3,0.012,50,150,frame 100,no,no,authors-spec
exp_ref_p2/realenv_plan_cem_report.txt,cem,ours,13/50,26.0,26.0%,108.82,138.9,0.009,50,150,frame 100,no,no,ckpt_best_recal.pt
exp_ref_p2/realenv_plan_random_report.txt,random,ours,1/50,2.0,2.0%,108.12,0.1,0.009,50,150,frame 100,no,no,ckpt_best_recal.pt
exp_ref_protocol/realenv_plan_authors_cem_report.txt,cem,authors,7/50,14.0,14.0%,122.66,149.2,0.012,50,150,frame 100,no,no,authors-spec
exp_ref_r0/realenv_plan_cem_report.txt,cem,ours,33/50,66.0,66.0%,49.48,97.4,0.004,50,150,frame 100,no,no,ckpt_recal.pt
exp_ref_r2/realenv_plan_cem_report.txt,cem,ours,40/50,80.0,80.0%,26.69,30.6,0.014,50,150,frame 100,no,no,ckpt_best_recal.pt
exp_run2_recal/realenv_plan_cem_report.txt,cem,ours,27/50,54.0,54.0%,40.46,20.5,0.014,50,50,frame 100,no,no,ckpt_best_recal.pt
exp_run2_recal_25/realenv_plan_cem_report.txt,cem,ours,39/50,78.0,77.1%,24.20,15.2,0.014,50,50,frame 25,no,no,ckpt_best_recal.pt
exp_scaled25/realenv_plan_cem_report.txt,cem,ours,24/50,48.0,45.8%,19.82,18.8,0.013,50,50,frame 25,no,no,ckpt_best.pt
exp_scaled25/realenv_plan_random_report.txt,random,ours,9/50,18.0,14.6%,46.98,0.1,0.013,50,50,frame 25,no,no,ckpt_best.pt
exp_target_authors/realenv_plan_authors_cem_report.txt,cem,authors,7/50,14.0,14.0%,114.16,149.1,0.012,50,150,TARGET,yes,no,authors-spec
exp_wall_recal/realenv_plan_cem_report.txt,cem,ours,39/220,17.7,17.7%,114.43,232.7,0.009,220,50,frame 100,no,no,ckpt_best_recal.pt
exp_wall_recal/realenv_plan_random_report.txt,random,ours,0/220,0.0,0.0%,116.53,0.2,0.009,220,50,frame 100,no,no,ckpt_best_recal.pt
exp_wall_scaled/realenv_plan_cem_report.txt,cem,ours,150/220,68.2,68.2%,20.46,81.4,0.013,220,50,frame 100,no,no,ckpt_best.pt
exp_wall_scaled/realenv_plan_random_report.txt,random,ours,0/220,0.0,0.0%,116.53,0.2,0.013,220,50,frame 100,no,no,ckpt_best.pt
realenv_plan_cem_report.txt,cem,ours,0/2,0.0,0.0%,78.15,0.4,0.014,2,50,frame 100,no,no,ckpt_best_recal.pt
realenv_plan_random_report.txt,random,ours,9/50,18.0,14.6%,46.98,0.0,0.013,50,50,frame 25,no,no,ckpt_best.pt
tinylab/exp_authors/realenv_plan_authors_cem_report.txt,cem,ours,42/50,84.0,83.3%,25.29,38.7,0.012,50,50,frame 25,no,no,?
tinylab/exp_authors/realenv_plan_authors_random_report.txt,cem,ours,9/50,18.0,14.6%,46.98,0.1,0.012,50,50,frame 25,no,no,?
tinylab/exp_balanced_wall/realenv_plan_cem_report.txt,cem,ours,131/220,59.5,59.5%,36.94,80.6,0.013,220,50,frame 100,no,no,ckpt_best.pt
tinylab/exp_balanced_wall/realenv_plan_random_report.txt,random,ours,0/220,0.0,0.0%,116.53,0.3,0.013,220,50,frame 100,no,no,ckpt_best.pt
tinylab/exp_offset100/realenv_plan_cem_report.txt,cem,ours,24/50,48.0,48.0%,43.16,17.5,0.013,50,50,frame 100,no,no,ckpt_best.pt
tinylab/exp_offset100/realenv_plan_random_report.txt,random,ours,0/50,0.0,0.0%,111.07,0.0,0.013,50,50,frame 100,no,no,ckpt_best.pt
tinylab/exp_receding1/realenv_plan_cem_report.txt,cem,ours,13/50,26.0,22.9%,35.68,84.5,0.013,50,50,frame 25,no,no,ckpt_best.pt
tinylab/exp_scaled25/realenv_plan_cem_report.txt,cem,ours,24/50,48.0,45.8%,19.82,18.2,0.013,50,50,frame 25,no,no,ckpt_best.pt
tinylab/exp_scaled25/realenv_plan_random_report.txt,random,ours,9/50,18.0,14.6%,46.98,0.0,0.013,50,50,frame 25,no,no,ckpt_best.pt
tinylab/exp_wall_scaled/realenv_plan_cem_report.txt,cem,ours,150/220,68.2,68.2%,20.46,81.4,0.013,220,50,frame 100,no,no,ckpt_best.pt
tinylab/exp_wall_scaled/realenv_plan_random_report.txt,random,ours,0/220,0.0,0.0%,116.53,0.2,0.013,220,50,frame 100,no,no,ckpt_best.pt
tinylab/realenv_plan_cem_report.txt,cem,ours,36/50,72.0,70.8%,26.45,14.7,0.013,50,50,frame 25,no,no,ckpt_best.pt
tinylab/realenv_plan_random_report.txt,random,ours,9/50,18.0,14.6%,46.98,0.0,0.013,50,50,frame 25,no,no,ckpt_best.pt
tinylab_phase2/exp_authors/realenv_plan_authors_cem_report.txt,cem,ours,42/50,84.0,83.3%,25.29,38.7,0.012,50,50,frame 25,no,no,?
tinylab_phase2/exp_authors/realenv_plan_authors_random_report.txt,cem,ours,9/50,18.0,14.6%,46.98,0.1,0.012,50,50,frame 25,no,no,?
tinylab_phase2/exp_balanced_wall/realenv_plan_cem_report.txt,cem,ours,131/220,59.5,59.5%,36.94,80.6,0.013,220,50,frame 100,no,no,ckpt_best.pt
tinylab_phase2/exp_balanced_wall/realenv_plan_random_report.txt,random,ours,0/220,0.0,0.0%,116.53,0.3,0.013,220,50,frame 100,no,no,ckpt_best.pt
tinylab_phase2/exp_offset100/realenv_plan_cem_report.txt,cem,ours,24/50,48.0,48.0%,43.16,17.5,0.013,50,50,frame 100,no,no,ckpt_best.pt
tinylab_phase2/exp_offset100/realenv_plan_random_report.txt,random,ours,0/50,0.0,0.0%,111.07,0.0,0.013,50,50,frame 100,no,no,ckpt_best.pt
tinylab_phase2/exp_receding1/realenv_plan_cem_report.txt,cem,ours,13/50,26.0,22.9%,35.68,84.5,0.013,50,50,frame 25,no,no,ckpt_best.pt
tinylab_phase2/exp_scaled25/realenv_plan_cem_report.txt,cem,ours,24/50,48.0,45.8%,19.82,18.2,0.013,50,50,frame 25,no,no,ckpt_best.pt
tinylab_phase2/exp_scaled25/realenv_plan_random_report.txt,random,ours,9/50,18.0,14.6%,46.98,0.0,0.013,50,50,frame 25,no,no,ckpt_best.pt
tinylab_phase2/exp_wall_scaled/realenv_plan_cem_report.txt,cem,ours,150/220,68.2,68.2%,20.46,81.4,0.013,220,50,frame 100,no,no,ckpt_best.pt
tinylab_phase2/exp_wall_scaled/realenv_plan_random_report.txt,random,ours,0/220,0.0,0.0%,116.53,0.2,0.013,220,50,frame 100,no,no,ckpt_best.pt
tinylab_phase2/realenv_plan_cem_report.txt,cem,ours,36/50,72.0,70.8%,26.45,14.7,0.013,50,50,frame 25,no,no,ckpt_best.pt
tinylab_phase2/realenv_plan_random_report.txt,random,ours,9/50,18.0,14.6%,46.98,0.0,0.013,50,50,frame 25,no,no,ckpt_best.pt
